num_consumers,num_goods,type_market,noise_scale,eps,gt_welfare,emp_welfare,max_regret_low_prices_first,max_regret_high_prices_first,max_regret_low_prices_second,max_regret_high_prices_second
10,5,uniform_random_distribution,1.0,0.1,6.860138326788893,6.8556548905374255,0.0021234880188925054,0.0011211082299702468,0.0031980754012042034,0.0
10,5,uniform_random_distribution,1.0,0.1,7.082862357008941,7.085064129056653,0.00314201547118631,8.255960599790058e-05,0.00355577137145624,0.0
10,5,uniform_random_distribution,1.0,0.1,6.672088491742744,6.677608163121825,0.001439930704634662,0.0,0.0004832088953350411,0.0004832088953350411
10,5,uniform_random_distribution,1.0,0.1,6.581646096719503,6.58172566796773,0.0,0.0,0.0034017319683614655,0.002849815474957218
10,5,uniform_random_distribution,1.0,0.1,6.487494939434029,6.490549899672132,0.0023746854698099007,0.0023746854698099007,0.00034195551329374574,0.0
10,5,uniform_random_distribution,1.0,0.1,6.731858463050385,6.7383670759485605,0.0026197089214976543,0.0,0.004627740700769767,0.0010844260100306702
10,5,uniform_random_distribution,1.0,0.1,7.227562687465809,7.229620710040223,0.0008741657749888887,0.0,0.003480071246916294,0.0
10,5,uniform_random_distribution,1.0,0.1,7.081587448595175,7.089012426940243,0.0016423878359539401,0.0,0.003920401417827568,0.0
10,5,uniform_random_distribution,1.0,0.1,7.226058822338599,7.220605436580366,0.0006916734779727207,0.0,0.0012380629313375469,0.0
10,5,uniform_random_distribution,1.0,0.1,7.16108495346503,7.164866896522401,0.0012473036651650116,0.0,0.0026612614836265536,0.0
10,5,uniform_random_distribution,1.0,0.1,7.19863897439301,7.199624710681073,0.002085676445569451,0.0018507764455695241,0.0003230286380202507,0.0
10,5,uniform_random_distribution,1.0,0.1,7.015837122230873,7.0171464603778695,0.0015597384378502888,0.0,0.001447305062918236,0.0
10,5,uniform_random_distribution,1.0,0.1,6.882027432480298,6.879650660397736,0.002522760302253957,0.0001736347485949974,0.0003682539243488048,1.0641879759853978e-05
10,5,uniform_random_distribution,1.0,0.1,6.999390077015642,6.999083388745786,0.0035655994902041854,0.0035655994902041854,0.0008376014728355141,0.0
10,5,uniform_random_distribution,1.0,0.1,7.233984471520543,7.233557193470241,0.0029904876657653734,0.0017482504510462071,0.001785818487371138,0.0001826822780663928
10,5,uniform_random_distribution,1.0,0.1,6.989537915278229,6.9892269972490695,0.0012293855144240862,5.8330822759966594e-05,0.002327375983636859,0.0
10,5,uniform_random_distribution,1.0,0.1,7.045348345889215,7.046532093425694,0.0,0.0,0.0021223015822959823,0.001118886511429995
10,5,uniform_random_distribution,1.0,0.1,6.411409923853441,6.411889914474387,0.0004126757824287619,0.0,0.00333467652880981,0.0025547344758887203
10,5,uniform_random_distribution,1.0,0.1,7.031082858975024,7.035032599542955,0.0006368783239558695,0.0,0.0036357964620945538,0.0
10,5,uniform_random_distribution,1.0,0.1,6.934792377941154,6.938044792391676,0.0010601640006266955,0.0004406056738477382,0.003018911903625243,0.003018911903625021
10,5,uniform_random_distribution,1.0,0.075,6.962693004340844,6.963576722730697,0.0029779753862571035,0.0022098956569172046,0.001332874755195279,0.001737841239471516
10,5,uniform_random_distribution,1.0,0.075,6.881373790832812,6.879836202066917,0.0018831439851879628,0.0033896615570450095,0.0007593326259867084,0.0
10,5,uniform_random_distribution,1.0,0.075,7.0222003480958435,7.024139728289371,0.001861272027262384,0.0009975450763952676,0.00036753276988199524,0.0
10,5,uniform_random_distribution,1.0,0.075,6.318444233581955,6.321111024748208,0.0010369934040532769,0.0,0.0011967499493927836,0.00021683255490478892
10,5,uniform_random_distribution,1.0,0.075,7.097289880195055,7.094642463808394,0.001861244081120761,0.0014227901126355746,0.0015417380982996054,0.0
10,5,uniform_random_distribution,1.0,0.075,6.979945099832645,6.976185911907663,0.0016649157682246951,0.0,0.0018252932756743778,0.0
10,5,uniform_random_distribution,1.0,0.075,6.856554032028254,6.8562602942898305,0.0023736376421099603,0.0016514983470468092,0.0033066867842241887,0.0033066867842241887
10,5,uniform_random_distribution,1.0,0.075,7.070610362128997,7.065036545474236,0.002478586937616045,0.0014511539895099013,0.0005819414215317842,0.0005092415374989834
10,5,uniform_random_distribution,1.0,0.075,6.646691842691828,6.647519913231967,0.00107996427923851,0.0017665439008542894,0.0019087129725536833,0.00040231823287695256
10,5,uniform_random_distribution,1.0,0.075,7.043699050150639,7.048675884409569,0.0,0.0,0.0033198520599113657,0.0006177258319419732
10,5,uniform_random_distribution,1.0,0.075,7.198930844285057,7.197670924264385,0.0018777078026446237,0.0,0.0012581980741281917,0.0
10,5,uniform_random_distribution,1.0,0.075,7.022806098868056,7.022357082127085,0.001175046751958897,0.0,0.001105860389471136,0.001363719868409774
10,5,uniform_random_distribution,1.0,0.075,6.527086604554884,6.531066597243625,0.0012429036454701947,0.0,0.0011333627400125224,0.0021622777509431312
10,5,uniform_random_distribution,1.0,0.075,6.795722572850064,6.79777421229319,0.0017693514185335157,0.0,0.0036793758091497875,0.0036793758091497875
10,5,uniform_random_distribution,1.0,0.075,7.052893504489082,7.054423385249688,0.0007333320484423922,8.8955226265508e-05,0.0003423559097741613,0.0
10,5,uniform_random_distribution,1.0,0.075,7.013537083077994,7.014231295089309,0.0,0.0,0.002128329380461258,0.0
10,5,uniform_random_distribution,1.0,0.075,6.884147675196479,6.8825399821352145,0.001860450997749341,0.001491574267094009,0.0009073142949707069,0.0
10,5,uniform_random_distribution,1.0,0.075,6.860320906030532,6.86391166898159,0.0018702663389169594,0.0,0.0025210689533001762,0.0
10,5,uniform_random_distribution,1.0,0.075,7.0083612164525135,7.008258791464859,0.0005863612722278866,0.0014201367768360562,0.0019730445045524903,0.0019049106085446965
10,5,uniform_random_distribution,1.0,0.075,6.581838584696205,6.5770377459982345,0.0016718865073444,0.0016718865073444,0.0010947851090086225,0.00018841565762550694
10,5,uniform_random_distribution,1.0,0.05,7.137777429571839,7.137182958707731,0.0012938899377192836,0.0,0.0009899179679295766,0.0
10,5,uniform_random_distribution,1.0,0.05,6.886160585172409,6.882933559356203,0.001036217043269616,0.0,0.0004619048347822563,0.0007175997200625783
10,5,uniform_random_distribution,1.0,0.05,7.064872644745696,7.062146137603827,0.0017422062763303714,0.00026348142800403096,0.0005464011193276885,0.00017245519131536824
10,5,uniform_random_distribution,1.0,0.05,6.571228300554537,6.571441689265839,0.000261316501827924,0.00026141650182776033,0.003837205711362701,0.002174636003749564
10,5,uniform_random_distribution,1.0,0.05,6.882570386172035,6.881573291906141,0.0,0.00025051429701195005,0.0014792370729910242,0.0003351071860171473
10,5,uniform_random_distribution,1.0,0.05,6.953023969803954,6.955185741522767,0.0005459326706263035,0.0,0.0007242043151409749,1.3474072349639599e-05
10,5,uniform_random_distribution,1.0,0.05,7.052530274066406,7.051645162494515,0.00122906154790825,2.0634689411602736e-05,0.0013461417717750557,0.00012066279421185655
10,5,uniform_random_distribution,1.0,0.05,6.960021457083626,6.960118682539596,0.0009669400530103456,0.0,0.001105517474366824,0.001105517474366824
10,5,uniform_random_distribution,1.0,0.05,7.192643579846925,7.190376756648977,0.0010490824362203721,1.2439456320567643e-05,0.0003182342660421611,0.0
10,5,uniform_random_distribution,1.0,0.05,7.01986951707787,7.019732306231055,0.0013580060376841008,0.0,2.669484378858833e-05,0.0
10,5,uniform_random_distribution,1.0,0.05,7.161217554203654,7.162508609964483,0.0013436785532900952,0.0,0.00030542507467257174,0.0
10,5,uniform_random_distribution,1.0,0.05,6.744269106688947,6.746794871675233,0.0006115938140740518,0.00034507354554924596,0.0007208351735654706,0.0
10,5,uniform_random_distribution,1.0,0.05,7.120696580366389,7.11899783648577,0.0006091743234912794,0.0,0.0007075627813859509,0.0007075627813859509
10,5,uniform_random_distribution,1.0,0.05,6.929159650352572,6.928778062877111,0.0,0.001059926249780796,0.0011819167368540828,0.0009149374783923303
10,5,uniform_random_distribution,1.0,0.05,6.723532844636589,6.724780637915962,0.0011886812894663645,0.0,0.0006561022363811286,0.0011281967874017251
10,5,uniform_random_distribution,1.0,0.05,7.217428592999914,7.217585129768672,0.0003828043196241193,0.0,0.0015566504905923928,0.00021535112099502207
10,5,uniform_random_distribution,1.0,0.05,7.237836712789406,7.237639573928175,0.0019151483286370397,0.0019150483286369813,0.0008974294724981569,0.0008974294724981569
10,5,uniform_random_distribution,1.0,0.05,7.149309628927697,7.150614472250755,0.0007769370963972566,0.0,0.0013476512166468169,0.0013476512166468169
10,5,uniform_random_distribution,1.0,0.05,6.82168920930961,6.823271735408403,0.0004257106837191049,0.0,0.0006991133297917784,0.0
10,5,uniform_random_distribution,1.0,0.05,6.9197867154576205,6.918349145545276,0.0008117328416370473,0.0006404212080464156,0.0009196525569064029,0.0
10,5,uniform_random_distribution,2.5,0.1,17.566167963911113,17.5629694972355,0.005795249745183639,0.0,0.004961656572261219,0.003853758808098906
10,5,uniform_random_distribution,2.5,0.1,17.49845034321404,17.492933997402712,0.0023051299734011543,0.0,0.006009017026860075,0.007855282223444782
10,5,uniform_random_distribution,2.5,0.1,16.59608347652724,16.6007405405048,0.0025552349120689932,0.002136316548417394,0.009162190074338383,0.008368841504320379
10,5,uniform_random_distribution,2.5,0.1,17.47838383638885,17.463653018299468,0.005328681644304556,0.009174498081398585,0.003779958075092793,0.0
10,5,uniform_random_distribution,2.5,0.1,17.072238688580885,17.0695881851793,0.004090925462929107,0.0,0.006413128261204548,0.0037744826140917453
10,5,uniform_random_distribution,2.5,0.1,17.6663067387865,17.66326938403508,0.004696027716462936,0.0,0.002340877944418729,0.0
10,5,uniform_random_distribution,2.5,0.1,17.642198528465173,17.63763746519831,0.0035876039528295323,0.0,0.002925392306791341,0.0005025275147425567
10,5,uniform_random_distribution,2.5,0.1,16.72983668847405,16.721831435997004,0.007074369125536606,0.0042611311436377974,0.011102525395862983,0.007837225395862735
10,5,uniform_random_distribution,2.5,0.1,16.378160632454517,16.372906911061918,0.006100656368807744,0.006100656368807744,0.000629131033071495,0.0
10,5,uniform_random_distribution,2.5,0.1,17.253316440510986,17.258130746222534,0.004032400960444438,0.0,0.00502393112164512,0.0
10,5,uniform_random_distribution,2.5,0.1,18.171706187091676,18.17956399571643,0.0008789272527773839,0.0,0.004646748912230603,0.0
10,5,uniform_random_distribution,2.5,0.1,17.63994825877039,17.6353249382844,0.005182917261870035,0.0028285728375481156,0.005361988615603774,0.0028285868308750572
10,5,uniform_random_distribution,2.5,0.1,17.492972796935543,17.500665550070423,0.005859236505695975,0.0,0.0035258703346601195,0.0
10,5,uniform_random_distribution,2.5,0.1,17.33646267470159,17.33426005373329,0.00585174067101768,0.0,0.003975913256909269,0.0
10,5,uniform_random_distribution,2.5,0.1,17.480735004785355,17.473906510262502,0.0014857525473592759,0.0,0.004193929990643053,0.0
10,5,uniform_random_distribution,2.5,0.1,16.742803708367166,16.743492224329213,0.0028917532212560104,0.0028918532212554027,0.007906920695447184,0.007906920695447184
10,5,uniform_random_distribution,2.5,0.1,16.190848257040294,16.180008713674482,0.00597050191607984,0.0020361612579415933,0.0032638092685166598,0.0
10,5,uniform_random_distribution,2.5,0.1,17.05916356056919,17.055241950785053,0.004417379712392755,0.0037426201765802247,0.003834031360869794,0.0
10,5,uniform_random_distribution,2.5,0.1,17.588420736579913,17.58482181635032,0.009367877205617159,0.0,0.0008571499605873889,0.0
10,5,uniform_random_distribution,2.5,0.1,17.957765673734002,17.940054079953697,0.006137016295928888,0.0032459828689255232,0.001123726082632004,0.0
10,5,uniform_random_distribution,2.5,0.075,17.425365958567987,17.432715640804116,0.003624634284088657,0.0,0.0033826143814921217,0.007559459986295813
10,5,uniform_random_distribution,2.5,0.075,18.017146203405037,18.003650901186262,0.0046569173522268414,0.0001420809432395309,0.00179717319817696,0.0
10,5,uniform_random_distribution,2.5,0.075,17.834249564611913,17.83211380579759,0.0037584988855705603,0.0,0.0020974540671603314,0.0013674419640197222
10,5,uniform_random_distribution,2.5,0.075,17.806543589951872,17.803705910947713,0.00437098679885084,0.0008832474580962035,0.0030292625872716528,0.0
10,5,uniform_random_distribution,2.5,0.075,17.761506248820425,17.76395479422653,0.004008797268630904,0.004008697268630623,0.0025796406119704685,0.0
10,5,uniform_random_distribution,2.5,0.075,17.771674085938194,17.77222293705598,0.0043413624964054875,0.0005527008170145287,0.004811859004934416,0.0
10,5,uniform_random_distribution,2.5,0.075,18.243568272551258,18.24003442502752,0.0031713506219710474,0.0,0.0045331857797301645,0.0
10,5,uniform_random_distribution,2.5,0.075,16.033097896466842,16.037736074557113,0.003218441651691606,0.0,0.008735670087426595,0.0
10,5,uniform_random_distribution,2.5,0.075,16.609266389770454,16.620438455605257,0.00035538855241501466,0.0010193026302092179,0.0050763344820339285,0.005076234482033204
10,5,uniform_random_distribution,2.5,0.075,18.19782054174486,18.198143285870934,0.0022128839485957563,0.004906463716905396,0.0022734120143153014,0.0
10,5,uniform_random_distribution,2.5,0.075,17.78721321411821,17.790615625136827,0.006295792586857196,0.0001896580177742635,0.0012799999981747412,0.003513375047138112
10,5,uniform_random_distribution,2.5,0.075,17.707473735731007,17.70843909327043,0.0032057695691669608,0.0,0.0052282295355881026,0.0
10,5,uniform_random_distribution,2.5,0.075,16.980451323194693,16.977561008695083,0.0022395133997319405,0.0011604513563301389,0.002930309511552487,0.0
10,5,uniform_random_distribution,2.5,0.075,17.125877218104836,17.119012294399827,0.0009489833604319209,0.0053624426278773285,0.0021829644990551955,0.0
10,5,uniform_random_distribution,2.5,0.075,17.284133986429246,17.28089771177281,0.0021722788318752073,0.0,0.0026825840004547352,0.0
10,5,uniform_random_distribution,2.5,0.075,17.661414168811984,17.663480963385155,0.004625910946105982,0.0,0.0027898224005817873,0.0
10,5,uniform_random_distribution,2.5,0.075,17.907018540502705,17.91673961981487,0.0056746647180210275,0.001548508523591785,0.0043898846821464055,0.0
10,5,uniform_random_distribution,2.5,0.075,16.807499223622578,16.79652653348599,0.006033065338574506,0.006033065338574506,0.002953771477919087,0.0
10,5,uniform_random_distribution,2.5,0.075,18.08463195659795,18.091297023382953,0.004100377707051628,0.0,0.0024202296665132295,0.0
10,5,uniform_random_distribution,2.5,0.075,16.6690294081604,16.66409904665501,0.005000407628363401,0.003605805357834946,0.0019346795200783085,0.0003197795200784448
10,5,uniform_random_distribution,2.5,0.05,17.99690248540586,17.99801384793109,0.0004526332660557131,0.0004526332660557131,0.0028820839979770696,0.0
10,5,uniform_random_distribution,2.5,0.05,17.595229848975926,17.600729054878652,0.0,0.0,0.004866973935036878,0.0031721527683914452
10,5,uniform_random_distribution,2.5,0.05,17.35736708988648,17.3567338947517,0.0015898148539235102,0.0014596934554496066,0.0025286012654768264,0.00030191156349346215
10,5,uniform_random_distribution,2.5,0.05,17.529227572966377,17.53165761972223,0.003915104654985679,0.0,0.000353417970583525,0.0
10,5,uniform_random_distribution,2.5,0.05,18.268100257259434,18.266812942978905,0.004334086356575728,0.001346757925304587,0.0009219613920548042,0.0
10,5,uniform_random_distribution,2.5,0.05,17.23778699059674,17.239399641634535,0.0016069457658574038,0.0,0.003318821162705099,0.0
10,5,uniform_random_distribution,2.5,0.05,16.82576714768522,16.827878514942746,0.0029437092103634654,0.0,0.002874278656232132,0.0
10,5,uniform_random_distribution,2.5,0.05,17.7432206111226,17.745051715417183,0.0012498311042623556,0.000615565289068698,0.0010398183321589372,0.0
10,5,uniform_random_distribution,2.5,0.05,17.9958421701892,17.995170289876175,0.0006843419855919741,0.0,0.0018724265136165208,0.0
10,5,uniform_random_distribution,2.5,0.05,17.830834086692366,17.82490895605106,0.0016255524500556895,0.0,0.0007561148449473087,0.0
10,5,uniform_random_distribution,2.5,0.05,18.082077414623267,18.08399963328326,0.003002926223671043,0.0,0.0,0.0
10,5,uniform_random_distribution,2.5,0.05,17.47427276935583,17.475683627143884,0.003603426218136807,0.0,0.0032113844938281844,0.0032113844938286285
10,5,uniform_random_distribution,2.5,0.05,16.962870089876052,16.965044443821792,0.0016763649216677834,0.0018745365178363116,0.002401862236533603,0.0
10,5,uniform_random_distribution,2.5,0.05,16.815961922467558,16.812262665091318,0.0027579255677037118,0.0,0.0015050361207178398,0.0
10,5,uniform_random_distribution,2.5,0.05,17.915689915941535,17.919118564226505,0.0013155470666021962,0.0,0.003674082283282587,0.002107892206202777
10,5,uniform_random_distribution,2.5,0.05,17.65015114338524,17.651760267272625,0.001760222879878981,0.0022972823536329123,0.0024294180108146435,0.0029439668437234445
10,5,uniform_random_distribution,2.5,0.05,17.14388677953299,17.149722034217316,0.00032994593634771974,0.0,0.00047145667529457924,0.0014957200962628647
10,5,uniform_random_distribution,2.5,0.05,18.03404128838703,18.041234086036514,0.002189974941945838,0.0,0.0017363572814139694,0.00288716153110391
10,5,uniform_random_distribution,2.5,0.05,17.826239022265113,17.827768403787505,0.002444186863283626,0.0,0.0003480611064277106,0.0
10,5,uniform_random_distribution,2.5,0.05,16.918118793099445,16.91955479490099,0.0037086247867343936,0.0,0.0003609019571721994,0.002591243920483155
10,5,uniform_random_distribution,5.0,0.1,37.02607655917126,37.03352753108061,0.005847626051387778,0.0,0.007672835479386464,0.0
10,5,uniform_random_distribution,5.0,0.1,35.40979577324629,35.40968039802097,0.0012806308333166427,0.0005503621604816544,0.006331128845728173,0.0
10,5,uniform_random_distribution,5.0,0.1,35.73474180713037,35.72699588492404,0.018321980533470672,0.0,0.003911919140227482,0.0
10,5,uniform_random_distribution,5.0,0.1,34.101776071835374,34.096075101722114,0.013090747416767634,0.013090747416768522,0.0025864725824336077,0.0
10,5,uniform_random_distribution,5.0,0.1,35.52544615040957,35.542299830898955,0.010191178482120478,0.010191078482121085,0.005096262793043316,0.0
10,5,uniform_random_distribution,5.0,0.1,33.97891642110858,33.993511615267515,0.0073881146282062105,0.0,0.011347800171291667,0.002829022794600178
10,5,uniform_random_distribution,5.0,0.1,36.288257312262914,36.267182839372744,0.013510316851933268,0.0,0.006085005812290767,0.003917045374846495
10,5,uniform_random_distribution,5.0,0.1,34.56979207372124,34.588782656713015,0.005703652310700136,0.005703652310701024,0.022770844319293992,0.016970387202743353
10,5,uniform_random_distribution,5.0,0.1,35.96657211941056,35.957059350382615,0.01809328311355607,0.005346447643672647,0.007861049294661804,0.0
10,5,uniform_random_distribution,5.0,0.1,34.6876556251373,34.69367166484906,0.0017038823734711883,0.0,0.0034904102694479633,0.0
10,5,uniform_random_distribution,5.0,0.1,35.87014026177785,35.85381566878817,0.005629132119933544,0.008889572616737063,0.006830408660890797,0.009653451858669726
10,5,uniform_random_distribution,5.0,0.1,34.59359163563167,34.567800347468456,0.0017888056272870045,0.00035136687405490363,0.0018265545506368497,0.0
10,5,uniform_random_distribution,5.0,0.1,35.51714019328206,35.519279722629676,0.013455058598021985,0.013455058598021985,0.00730979165740564,0.0
10,5,uniform_random_distribution,5.0,0.1,34.851415434666265,34.839108679670524,0.00883370211404344,0.009557902110736372,0.008923346487765826,0.0
10,5,uniform_random_distribution,5.0,0.1,35.92845520911246,35.93957551282092,0.0,0.0,0.0029782368270723225,0.0
10,5,uniform_random_distribution,5.0,0.1,33.638943485714265,33.6582261063208,0.009438197748048438,0.006794521641877438,0.004587971770601662,0.0
10,5,uniform_random_distribution,5.0,0.1,35.18011470710384,35.17456349090235,0.0037328417702857664,0.003732941770286047,0.0034913640704150595,0.0007600769453635081
10,5,uniform_random_distribution,5.0,0.1,36.56362735915468,36.57719175967363,0.0070793989264661406,0.0,0.00858757083816819,0.0
10,5,uniform_random_distribution,5.0,0.1,34.90163500272956,34.91345361948246,0.0026758546209375567,0.0,0.007353875528517406,0.007353875528517406
10,5,uniform_random_distribution,5.0,0.1,35.45686162350894,35.44586873268144,0.009588373523248706,0.015581938241781224,0.008083915362058214,0.0
10,5,uniform_random_distribution,5.0,0.075,36.55531794657539,36.5607628667548,0.0023610910215063896,0.0,0.004711271087836089,0.0010429251593535582
10,5,uniform_random_distribution,5.0,0.075,36.3374236017918,36.35674471783893,0.009364224139887689,0.009364224139887689,0.005661922537903763,0.0035258959246267096
10,5,uniform_random_distribution,5.0,0.075,35.18691594227503,35.188879649318174,0.008359026304367134,0.010190462744717799,0.01053291963033054,0.008359024558064476
10,5,uniform_random_distribution,5.0,0.075,34.693595179201154,34.672609111125865,0.011069102082796434,0.0,0.0022805937002923216,0.0
10,5,uniform_random_distribution,5.0,0.075,34.271463418352326,34.26725636755643,0.006631898128635072,0.003077225580870646,0.005778988998223156,0.0
10,5,uniform_random_distribution,5.0,0.075,32.92298985279289,32.9219304116322,0.008556467720158167,0.008556467720158167,0.0033366555978302515,0.0025152185987620257
10,5,uniform_random_distribution,5.0,0.075,34.438760661481865,34.447111728825945,0.008826837390520481,0.0005590814614881978,0.0034729400461239734,0.0
10,5,uniform_random_distribution,5.0,0.075,35.43020564632336,35.431473941423256,0.003107527501396312,0.0,0.0059418798708179565,0.0
10,5,uniform_random_distribution,5.0,0.075,35.171040302933015,35.167709639497225,0.0007051229870178588,0.0,0.00248882184459287,0.0
10,5,uniform_random_distribution,5.0,0.075,34.106787648637315,34.11048381245745,0.004870005858587767,0.0,0.005340177480047892,0.004165956070580457
10,5,uniform_random_distribution,5.0,0.075,35.74763567158963,35.75395584598822,0.0,0.0,0.008528352557629404,0.008528352557629404
10,5,uniform_random_distribution,5.0,0.075,34.54996997421286,34.55733602264575,0.004177214479472724,0.0,0.0039250063748053066,0.0
10,5,uniform_random_distribution,5.0,0.075,35.09769867583669,35.098004436617565,0.003944687739854125,0.0017098448363928043,0.003270393738552535,0.0
10,5,uniform_random_distribution,5.0,0.075,33.612688120785556,33.616190038537546,0.005746886316257083,0.002869330030867978,0.011185203864715554,0.0
10,5,uniform_random_distribution,5.0,0.075,35.737048481351394,35.73144040379081,0.0035422854947908533,0.001961181327308381,0.0,0.0
10,5,uniform_random_distribution,5.0,0.075,35.13584225462707,35.14395744462934,0.0030838915894584318,0.0,0.010315662800663539,0.0
10,5,uniform_random_distribution,5.0,0.075,34.8362106143676,34.8322455213492,0.006995921734695543,0.0,0.007610530032382989,0.007610530032382989
10,5,uniform_random_distribution,5.0,0.075,36.28787160727436,36.30202459972374,0.0038476086672671883,0.0,0.005155173076516029,0.0
10,5,uniform_random_distribution,5.0,0.075,36.70036202566824,36.70842320373675,0.00514674034736462,0.0,0.003428535615936923,0.0
10,5,uniform_random_distribution,5.0,0.075,34.94053914950402,34.94229568272324,0.0026060734085797677,0.005026377171171603,0.00571176241716298,0.0
10,5,uniform_random_distribution,5.0,0.05,33.64339638681738,33.629537709167316,0.007299633008947204,0.007299633008947204,0.0017614499554383656,0.0017615499554377578
10,5,uniform_random_distribution,5.0,0.05,35.76795622973931,35.775231038111045,0.009374913025746778,0.0,0.0029328258321346112,0.004407768620137809
10,5,uniform_random_distribution,5.0,0.05,34.88379448346577,34.88717049044477,0.003984418796454392,0.0,0.0012171774054401396,0.0
10,5,uniform_random_distribution,5.0,0.05,33.91469366127683,33.921447728460464,0.0015646095316350639,0.0,0.006754005213484682,0.006754105213484962
10,5,uniform_random_distribution,5.0,0.05,34.699600948617814,34.70108789773528,0.005355980235445479,0.005355980235446367,0.0032370036853448525,0.0
10,5,uniform_random_distribution,5.0,0.05,33.949748447579324,33.94446935900679,0.004458556353939436,0.007390214008559326,0.0,0.0
10,5,uniform_random_distribution,5.0,0.05,35.52809111794904,35.51961283763691,0.0020737472416447744,0.0020737472416447744,0.00510343108834288,0.0
10,5,uniform_random_distribution,5.0,0.05,35.371929856658554,35.37447542723078,0.00239602155985974,0.0023960215598606283,0.0021780267033983947,0.0021780267033983947
10,5,uniform_random_distribution,5.0,0.05,35.389518328374415,35.384682508343445,0.001097283642616631,0.0009629937996589177,0.004107898279565703,0.0
10,5,uniform_random_distribution,5.0,0.05,33.91850161116519,33.925885694168514,0.0007134276095595027,0.0,0.009175687516899345,0.009175687516899345
10,5,uniform_random_distribution,5.0,0.05,33.57377084424814,33.57368137945122,0.0022407566098019416,0.0022406566098025493,0.0012440682037633266,0.0
10,5,uniform_random_distribution,5.0,0.05,34.63860770055604,34.64959427782646,0.00359866307913137,0.0,0.003003760115057652,0.003003760115057652
10,5,uniform_random_distribution,5.0,0.05,36.414235512616905,36.41278405119721,0.0005527561738132292,0.004112963534068648,0.005917795359208888,0.003227767155110861
10,5,uniform_random_distribution,5.0,0.05,33.30113814536071,33.30001545927182,0.0025480860297175667,0.0027224299100963023,0.0002284970958958965,4.820118256443351e-05
10,5,uniform_random_distribution,5.0,0.05,34.895544573717096,34.89969186070924,0.003957215585895568,0.0009797304873711,0.0003139704584365077,0.0
10,5,uniform_random_distribution,5.0,0.05,35.45004887249503,35.44905753092018,0.001700486848392302,0.0,0.0,0.0
10,5,uniform_random_distribution,5.0,0.05,33.941490747156976,33.95346545547959,0.002979594811992392,0.0011637160937087998,0.001033111723367064,0.0056497212517916395
10,5,uniform_random_distribution,5.0,0.05,35.68309532508647,35.673686574380525,0.00401675351398012,0.0058100229891628885,0.001371359392457805,0.0
10,5,uniform_random_distribution,5.0,0.05,34.914547355441755,34.919768842925386,0.006633096296240204,0.006633196296239596,0.0077829328106435725,0.0
10,5,uniform_random_distribution,5.0,0.05,35.24117122767014,35.22682463719875,0.005690904942609265,0.003894604141364333,0.004681655631215698,0.0
10,5,preferred_good_distribution,1.0,0.1,5.057791180895789,5.058415756424288,0.0009213444268774129,0.002107176392689647,0.0034083490603165068,0.0
10,5,preferred_good_distribution,1.0,0.1,5.088380078072257,5.08739174292014,0.0027482450737482678,0.0016382645784756011,0.0011638687465300723,0.0018816310804010694
10,5,preferred_good_distribution,1.0,0.1,5.034368370951,5.030903078699479,0.0027733107816296787,0.0019138766744087876,0.00024279794045178882,0.0
10,5,preferred_good_distribution,1.0,0.1,4.839936066604863,4.840762865131589,0.0018569309055805894,0.0012043226475052515,0.0024666820965266734,0.005458450572929263
10,5,preferred_good_distribution,1.0,0.1,5.536475192501637,5.543103731973456,0.0016276226623090917,0.00047220632954259045,0.0020549897619647206,0.003900109297868437
10,5,preferred_good_distribution,1.0,0.1,5.270764227298652,5.27465519836161,0.00039042330062000197,0.0,0.0015387440157648147,0.0005949492968116976
10,5,preferred_good_distribution,1.0,0.1,5.121768937773085,5.118867336313404,0.0014643652446889588,0.003760954948234474,0.002715471810379455,0.0011448716160378236
10,5,preferred_good_distribution,1.0,0.1,5.432388512415797,5.430526805635143,0.003292351106303437,0.0016816648522713917,0.00017799262565776353,0.0
10,5,preferred_good_distribution,1.0,0.1,5.530230312881097,5.526509196435817,0.002640581085008753,0.0031765266781583756,0.0,0.001050871784056162
10,5,preferred_good_distribution,1.0,0.1,5.194518847196635,5.194829902402391,0.0015259357094217219,0.0011448239627768197,0.0010128577542626305,6.171808013122337e-05
10,5,preferred_good_distribution,1.0,0.1,5.676452732859444,5.6806700086587325,0.0013055231008619606,0.0007820757805352407,0.0023432636754685543,0.0008823389104843926
10,5,preferred_good_distribution,1.0,0.1,4.859161515147868,4.860934748023057,0.0013830034741090236,0.0002920344455651369,0.001166359527809635,0.0011961284873207578
10,5,preferred_good_distribution,1.0,0.1,5.0925895824942415,5.090668538556931,0.0014649363887407896,0.003221643138739738,0.001527765310988749,0.0
10,5,preferred_good_distribution,1.0,0.1,5.955645401731622,5.950758642007135,0.001276953471909703,0.0013638958760626707,0.0016497497650864723,0.002333015348105927
10,5,preferred_good_distribution,1.0,0.1,5.033045785543427,5.03685356426077,0.001070032126892273,0.0005517021268923727,0.001382649624692034,0.0017317728428747348
10,5,preferred_good_distribution,1.0,0.1,5.172611693581737,5.174612203713255,0.0020010582414741185,0.000976948241474096,0.0011652194437452579,0.0
10,5,preferred_good_distribution,1.0,0.1,4.9805449324194,4.976860391056592,0.004096918299860364,0.002147156742723033,0.0011322993607827403,0.0002546493607826772
10,5,preferred_good_distribution,1.0,0.1,4.735371260793647,4.739675457356472,0.0016310446137334234,0.0010655651522267773,0.0011901046757221145,0.0011413276042455678
10,5,preferred_good_distribution,1.0,0.1,5.516939369440285,5.519604353358023,0.003008671994315759,0.0014473583465555162,0.0033408007773394477,0.0007296770956959353
10,5,preferred_good_distribution,1.0,0.1,5.3384790393471295,5.339603633014429,0.001511731712032005,0.0019092756991672122,0.001724163846579807,0.0005931075866557611
10,5,preferred_good_distribution,1.0,0.075,4.8307909691121935,4.832117482563993,0.0035055145281901456,0.0028357444112995234,0.00032153090093645087,0.0014213857124655283
10,5,preferred_good_distribution,1.0,0.075,5.696215454365929,5.694466409272582,0.0003576016397095483,0.00299052884533324,0.0021616840005774796,0.0
10,5,preferred_good_distribution,1.0,0.075,5.157720185960953,5.157019548233127,0.0011295514719280586,0.0019878061810576497,0.000690291297098522,0.0004253692060601777
10,5,preferred_good_distribution,1.0,0.075,4.841787958991761,4.840422906108422,0.001466990450646688,0.0005172213095325784,0.0010633325011490946,0.002150941627125147
10,5,preferred_good_distribution,1.0,0.075,5.020160630128996,5.021612996281098,0.0,0.00013885865793461516,0.0041983020477386335,0.0004303032082286773
10,5,preferred_good_distribution,1.0,0.075,5.13787591498485,5.1378643292812995,0.001542837330709701,0.0018291876522626982,0.0004616525856476761,0.0006613193551763263
10,5,preferred_good_distribution,1.0,0.075,5.0531765284609325,5.050848077751869,0.003896701937792124,0.0010880799451816747,0.001457290769197872,6.066471534138529e-05
10,5,preferred_good_distribution,1.0,0.075,5.238062853190154,5.237867028458927,2.840481522370375e-05,0.00042392906564181487,0.0006812236117802462,0.0004036019280346803
10,5,preferred_good_distribution,1.0,0.075,5.665433063195376,5.663807024329815,0.0011538563130094603,0.0023468364371507233,0.0017293396719701981,0.0011469299179925896
10,5,preferred_good_distribution,1.0,0.075,5.365503241362067,5.366470075235406,0.0009472310303437759,0.0,0.001327686505107617,0.0011820863066264176
10,5,preferred_good_distribution,1.0,0.075,4.662851045424114,4.659372503700258,0.0017738776623076324,0.0015004948509804716,0.0,0.0007132270774766747
10,5,preferred_good_distribution,1.0,0.075,4.656140078901326,4.657244757842826,0.003156222619853377,0.0029690325018801866,0.002771589378691708,0.0008111471392886482
10,5,preferred_good_distribution,1.0,0.075,6.00026309376249,5.999898668683477,0.0007553779268958394,0.002340088761097703,0.0014551475010341486,0.0
10,5,preferred_good_distribution,1.0,0.075,4.517473756646375,4.522416194859181,0.00241241411302362,0.0030982796384139144,0.0029322425443795153,0.0015782234298432618
10,5,preferred_good_distribution,1.0,0.075,5.299865402953225,5.298926587640089,0.0027240085739212994,0.0017222629546881363,0.0014399214527718307,0.0010421444648632816
10,5,preferred_good_distribution,1.0,0.075,5.44918972291897,5.446849266261465,0.0023494064845170914,0.001824649279125956,0.0008245242586087942,0.0006963241443896928
10,5,preferred_good_distribution,1.0,0.075,5.318132684875073,5.318185615627121,0.0016031600195984819,0.001103598038306397,0.0014782412789879906,0.0023326409699306883
10,5,preferred_good_distribution,1.0,0.075,4.820524109738015,4.8194297717245265,0.003484291932244421,9.654383309043446e-05,0.0028967305440209534,0.0014579005440209514
10,5,preferred_good_distribution,1.0,0.075,4.242293724130476,4.243453503348215,0.002079944290198532,0.002839222986503076,0.0024695941738718252,0.0028194541738719714
10,5,preferred_good_distribution,1.0,0.075,4.4675841803668135,4.467183069640413,0.0009296645115125513,0.003507241641438119,0.0015175012664450094,0.0002262951991321982
10,5,preferred_good_distribution,1.0,0.05,4.927346875737359,4.924616433648576,0.00129878886979784,0.0016464844936298073,1.566634524752253e-05,0.0
10,5,preferred_good_distribution,1.0,0.05,5.359907231403876,5.359934649060447,0.0011616880932273643,0.0008760549300110831,0.0006662021487533476,0.0005325472314058333
10,5,preferred_good_distribution,1.0,0.05,5.200182922885194,5.201447864640333,0.0007825186484968771,0.0,1.199898948089917e-05,0.0010362946504399728
10,5,preferred_good_distribution,1.0,0.05,4.206637690398047,4.204058132719812,0.0,0.0022158498447825137,0.0015344141306131709,0.000335115622022486
10,5,preferred_good_distribution,1.0,0.05,5.551213996921484,5.553000410300567,0.0011015308466658658,0.0017452914882883919,0.00046338713228999406,0.0016212579822226791
10,5,preferred_good_distribution,1.0,0.05,5.505250513359129,5.504724534592375,0.0010223806500150312,0.0015557048837653298,0.00011959404225714287,0.0004964562178301213
10,5,preferred_good_distribution,1.0,0.05,4.968146345149586,4.968817552683635,0.0009301304884126171,0.001607118022259879,0.0009010653933265722,0.0013319161950449132
10,5,preferred_good_distribution,1.0,0.05,4.658428047972199,4.655630144262236,0.0007484245830742253,0.0005597310773211017,0.0018107408077312481,0.0
10,5,preferred_good_distribution,1.0,0.05,4.6354071065601286,4.635875749897439,0.0008730145500254194,0.0,0.0009150955783325809,0.0007116445251388326
10,5,preferred_good_distribution,1.0,0.05,5.616364019531807,5.613681144834012,0.000410104263707356,0.0015151868233359567,0.000803856579882134,0.0
10,5,preferred_good_distribution,1.0,0.05,5.2800081823080856,5.278629031822033,0.0008269387244547177,0.0007973815419055619,2.6664916082941303e-06,0.0
10,5,preferred_good_distribution,1.0,0.05,5.6582157068796635,5.658500304404401,0.00048435402552626794,0.001742258271516195,0.0014044340114920395,1.929091698849028e-05
10,5,preferred_good_distribution,1.0,0.05,4.33292500993182,4.333384873783637,0.0008208737195295468,0.00044792306616403543,0.0012122318911392815,0.0
10,5,preferred_good_distribution,1.0,0.05,5.653122042501436,5.655352493240751,0.00021385178562172147,0.001548745478299196,0.0007230761430808696,0.0008727964613914896
10,5,preferred_good_distribution,1.0,0.05,5.35007635554313,5.35248477697133,0.0002913596328495416,0.0004586473275193237,0.001354647954155741,0.0009203754118032315
10,5,preferred_good_distribution,1.0,0.05,4.733856914159489,4.733845546752621,0.0010105012182748396,0.0008950976438585334,0.0010544821993722087,0.0011045817791702772
10,5,preferred_good_distribution,1.0,0.05,4.638668296711337,4.640148111257012,0.0009896630107487647,0.0008965254176562798,0.00048443192087688214,0.002069010811315275
10,5,preferred_good_distribution,1.0,0.05,4.664397194752517,4.665063187399555,0.0008092457798346553,0.0006857842952298077,0.001012098425717145,0.0
10,5,preferred_good_distribution,1.0,0.05,5.717986871590195,5.718143596661227,0.0008538336466619167,0.0,0.0003433334438055491,0.0011586132773134805
10,5,preferred_good_distribution,1.0,0.05,4.906023987000039,4.907196066483638,0.0014448913617288728,0.0014420778857838767,0.00025451325624048504,0.003423233174985163
10,5,preferred_good_distribution,2.5,0.1,12.373960593131578,12.371099807186495,0.003972546914859931,0.0,0.006859876060276715,0.0030809384470458223
10,5,preferred_good_distribution,2.5,0.1,13.024554574742604,13.035782056681935,0.0026756289604417116,0.0,0.002777191402695056,0.006037908974576345
10,5,preferred_good_distribution,2.5,0.1,11.50754357775184,11.504188198894562,0.0039361043014431996,0.0024057077910146774,0.0037520287072712044,0.0011234522741843112
10,5,preferred_good_distribution,2.5,0.1,12.237070959123287,12.237876612737306,0.005591383021499752,0.006120382980119299,0.0034015473182311684,0.005764262519700747
10,5,preferred_good_distribution,2.5,0.1,13.79588515056161,13.799768566788217,0.0010831524053627195,0.0,0.0041595203030690975,0.0013099125763820219
10,5,preferred_good_distribution,2.5,0.1,13.52480039345377,13.53329370742931,0.004274578445405908,0.0026959795214982485,0.006498901006493751,0.003792698807023598
10,5,preferred_good_distribution,2.5,0.1,14.174643366157738,14.175912042006473,0.005972983788030906,0.007005628220310589,0.006541502361026685,0.0
10,5,preferred_good_distribution,2.5,0.1,11.452100773440037,11.449140989132971,0.007854394594588587,0.0014299003331132987,0.002633327741487168,0.0022897293301387123
10,5,preferred_good_distribution,2.5,0.1,13.08656299591886,13.096178763935379,0.0029030478769020984,0.0,0.004765680424729135,0.002865914028027161
10,5,preferred_good_distribution,2.5,0.1,12.025171014389167,12.020564064651566,0.008854563220435763,0.00267435107352032,0.006845188233876254,0.000418802607484281
10,5,preferred_good_distribution,2.5,0.1,13.85675907780695,13.858798193640865,0.003168736628688773,0.0019559363770298432,0.0009028009516902635,0.0
10,5,preferred_good_distribution,2.5,0.1,13.443771304321105,13.45394412360077,0.0035097206420964255,0.00509802871190046,0.008908223492666956,0.00468275291679543
10,5,preferred_good_distribution,2.5,0.1,12.55762965823538,12.54630101352534,0.001874595047077765,0.006138022495204343,0.003985675064333449,0.0
10,5,preferred_good_distribution,2.5,0.1,14.334147336322633,14.32385670977212,0.010769696613087465,0.008391560086484784,0.0020819042449815583,0.0
10,5,preferred_good_distribution,2.5,0.1,12.468642505212227,12.472518619074721,0.003909871610782822,0.004474586581511009,0.003008333812494879,0.003225543425958932
10,5,preferred_good_distribution,2.5,0.1,13.898283493971135,13.901598563723763,0.004196709509154406,0.008040907632885785,0.006447061000084409,0.005377265152914035
10,5,preferred_good_distribution,2.5,0.1,13.124337981394545,13.13086682671122,0.00692747397984772,0.0,0.005600332402924568,0.006628985540278132
10,5,preferred_good_distribution,2.5,0.1,14.001853332221117,13.992476831238294,0.003884506474973737,0.005544098860339464,0.001445268532471733,0.0
10,5,preferred_good_distribution,2.5,0.1,13.61878603868958,13.621426412238113,0.0,0.004011651974130004,0.004469767486305232,0.0001587849633029048
10,5,preferred_good_distribution,2.5,0.1,12.809919819947979,12.808012553968227,0.00552096755373932,0.0,0.0027840408212043144,0.0005504782055649748
10,5,preferred_good_distribution,2.5,0.075,14.596761949639742,14.60128245106524,0.0038017360244984033,0.003597340435321339,0.0010161350408732783,0.004830276637633357
10,5,preferred_good_distribution,2.5,0.075,11.88050794708029,11.885660963414967,0.0021711916385864782,0.002723090800736072,0.0022795561286372834,0.0014935255299073358
10,5,preferred_good_distribution,2.5,0.075,12.668900771843337,12.661662551419107,0.0004202816098322071,0.0034874492684588976,0.00241313437397217,0.0004316961225938609
10,5,preferred_good_distribution,2.5,0.075,14.68397418814359,14.669924506756251,0.0031519151373993193,0.010135919520002368,0.0016640882406691038,0.0005921882406692003
10,5,preferred_good_distribution,2.5,0.075,13.632226581238015,13.639535878885273,0.005136092244019341,0.004377464364681893,0.005252331996765003,0.0
10,5,preferred_good_distribution,2.5,0.075,14.011242562933077,14.014117736768268,0.004223555165329795,0.0,0.0013638062377847593,0.0
10,5,preferred_good_distribution,2.5,0.075,11.543457755932288,11.541304164700618,0.00624078233279457,0.004395162979369038,0.0,0.0025345807491998773
10,5,preferred_good_distribution,2.5,0.075,11.257088199879085,11.265171226716394,0.0028767384085790493,0.002553138182716852,0.0052860053822878506,0.0022529142272817992
10,5,preferred_good_distribution,2.5,0.075,15.119186190739045,15.116592640169063,0.003632950757297859,0.00876609000668327,0.002821363074021921,0.001174157847847468
10,5,preferred_good_distribution,2.5,0.075,13.401893215719259,13.39979471934554,0.0033016710490920698,0.003525287981976266,0.002673834828482935,0.004526074665377466
10,5,preferred_good_distribution,2.5,0.075,13.244300286981018,13.246143273974273,0.0012509779022789047,0.0002959083797584583,0.0020219368081471067,0.0
10,5,preferred_good_distribution,2.5,0.075,13.904802717891835,13.904295685061713,0.0070950793372259735,0.002647471163564008,0.0041804926706840995,0.0028695926706840957
10,5,preferred_good_distribution,2.5,0.075,12.187210003756928,12.18774336788762,0.0015588518265172713,0.0042135173837754,0.00728337510854038,0.00042399253396729897
10,5,preferred_good_distribution,2.5,0.075,13.093271979271812,13.091743400078359,0.0029080284174491933,0.0,0.0027351723878279444,0.0017994834070265142
10,5,preferred_good_distribution,2.5,0.075,10.949642806275932,10.944789618126354,0.002041843424543277,0.0018623661044645523,0.0034517384906656012,0.0
10,5,preferred_good_distribution,2.5,0.075,13.587073837281595,13.582830905599579,0.0059653164864612584,0.0016408886061431982,0.0011618987504737888,0.0
10,5,preferred_good_distribution,2.5,0.075,13.711724318247914,13.713026247812026,0.003987570494133452,0.004437092893223138,0.0,0.0069539941093546
10,5,preferred_good_distribution,2.5,0.075,14.690923649932744,14.687980461346754,0.004348387977369139,0.005531341607661222,0.002724321875709146,0.005648522116604493
10,5,preferred_good_distribution,2.5,0.075,13.654929645982298,13.649249681014563,0.0031962327951085,0.004731863747022613,0.0,0.0008821567045851353
10,5,preferred_good_distribution,2.5,0.075,12.565348538512096,12.566638855400022,0.004434821300372205,0.0,0.0,0.0033359225575011475
10,5,preferred_good_distribution,2.5,0.05,12.694332617583871,12.694545008759766,0.003958745204317049,0.0030145198558200192,0.004453572050624022,0.0021482674933848145
10,5,preferred_good_distribution,2.5,0.05,13.67341248409954,13.67456111558101,0.003051096328881897,0.0029487982427065518,0.001800794769053704,0.003386022244793452
10,5,preferred_good_distribution,2.5,0.05,14.949957018655073,14.945655766378827,0.0026811250665286224,0.0018424884926020457,0.0008345341334794476,0.0012128724438640326
10,5,preferred_good_distribution,2.5,0.05,12.53439727261788,12.540397369115524,0.002496764090930803,0.0014630893514593346,0.0016981335659134178,0.0
10,5,preferred_good_distribution,2.5,0.05,14.01673582541927,14.012562641989533,0.002877721576759029,0.002831826937647719,0.0014725927040584175,0.0008362215945501017
10,5,preferred_good_distribution,2.5,0.05,12.99311053632661,12.996702675021934,0.001321581230242952,0.0,0.0003906562865201302,0.001869571088451094
10,5,preferred_good_distribution,2.5,0.05,13.130604626634849,13.13072859036003,0.002383364635064833,0.003208402842557856,0.004374651804369245,0.0010054413295570441
10,5,preferred_good_distribution,2.5,0.05,14.605978385818783,14.606725440715392,0.0031047217079707146,0.004355208733908045,0.004081430286027032,0.00303107717185358
10,5,preferred_good_distribution,2.5,0.05,12.06449974676747,12.068079015529564,0.0030235871584631813,0.0033388871584631996,0.003338861396901649,0.0025293613969017414
10,5,preferred_good_distribution,2.5,0.05,13.991392262544275,13.988518109148009,0.0006866002347545308,0.006875114911040647,0.0053126722714404995,0.0003285397922521138
10,5,preferred_good_distribution,2.5,0.05,12.144745888432436,12.138898423532595,0.0015780008313961424,0.0035414676183822547,0.0018928808001617003,0.0013112245032234071
10,5,preferred_good_distribution,2.5,0.05,10.80447577572079,10.809848153935501,0.0021125759196873872,0.0,0.00046210346320196827,0.002718815215190462
10,5,preferred_good_distribution,2.5,0.05,12.891725556418322,12.893155419889803,0.0011860099209541897,0.0,0.004280211672507805,0.0006785293811792936
10,5,preferred_good_distribution,2.5,0.05,13.450086622699427,13.45230517630089,0.005576078192419454,0.0,0.001429386908136543,0.002388625504487818
10,5,preferred_good_distribution,2.5,0.05,11.963021326331404,11.969749336103604,0.0023083299203223717,0.0,0.004231351295782115,0.0028002755660265777
10,5,preferred_good_distribution,2.5,0.05,14.77577074218962,14.77445448992221,0.0016664749556938308,0.0014593514729948076,0.0034301192927603807,0.0022738140233204973
10,5,preferred_good_distribution,2.5,0.05,13.98220262059375,13.986662573075954,0.002580768978608372,0.0007318689786084409,0.003004832600217666,0.0038928061826557503
10,5,preferred_good_distribution,2.5,0.05,11.356125346337356,11.36454901620795,0.001640244182905981,0.0018849252844219677,0.0017703303362019973,0.002239718483189712
10,5,preferred_good_distribution,2.5,0.05,10.443934423757828,10.450137594724573,0.0018287425728793494,0.0020277050310986144,0.004464566816772875,0.0033388880845162117
10,5,preferred_good_distribution,2.5,0.05,12.248020682060421,12.247757658916997,0.002676868487509587,0.0008977729480312835,0.002427211292625575,0.0013819517389470626
